sample_accession;alias;run_accession;experiment_accession;library_strategy;library_layout;instrument_model;tax_id;scientific_name;title;fastq_1;fastq_2;collection_date;geographic_location_(longitude);geographic_location_(latitude);depth;elevation;environmental_medium;local_environmental_context;project_name;broad-scale_environmental_context;description
SAMEA115940987;ITS_blanco_1;ERR13576985;ERX12946888;AMPLICON;paired;Illumina MiSeq;410658;soil metagenome;blanco;run/ERR135/ERR13576985/blanco_SR_ITS_R1.fastq.gz;run/ERR135/ERR13576985/blanco_SR_ITS_R2.fastq.gz;25/04/2023;5.67129 DD;51.98699 DD;0.05 m;22 m;Soil;Tomato rhizosphere;M. brunneum and native microbial community interactions;11cm plastic pot;
SAMEA115940988;ITS_Bm1a_2;ERR13576986;ERX12946889;AMPLICON;paired;Illumina MiSeq;410658;soil metagenome;Bm1a;run/ERR135/ERR13576986/Bm1a_SR_ITS_R1.fastq.gz;run/ERR135/ERR13576986/Bm1a_SR_ITS_R2.fastq.gz;25/04/2023;5.67129 DD;51.98699 DD;0.05 m;22 m;Soil;Tomato rhizosphere;M. brunneum and native microbial community interactions;11cm plastic pot;
SAMEA115940989;ITS_Bm1b_3;ERR13576987;ERX12946890;AMPLICON;paired;Illumina MiSeq;410658;soil metagenome;Bm1b;run/ERR135/ERR13576987/Bm1b_SR_ITS_R1.fastq.gz;run/ERR135/ERR13576987/Bm1b_SR_ITS_R2.fastq.gz;25/04/2023;5.67129 DD;51.98699 DD;0.05 m;22 m;Soil;Tomato rhizosphere;M. brunneum and native microbial community interactions;11cm plastic pot;
SAMEA115940991;ITS_Bm2b_5;ERR13576989;ERX12946892;AMPLICON;paired;Illumina MiSeq;410658;soil metagenome;Bm2b;run/ERR135/ERR13576989/Bm2b_SR_ITS_R1.fastq.gz;run/ERR135/ERR13576989/Bm2b_SR_ITS_R2.fastq.gz;25/04/2023;5.67129 DD;51.98699 DD;0.05 m;22 m;Soil;Tomato rhizosphere;M. brunneum and native microbial community interactions;11cm plastic pot;
SAMEA115940992;ITS_Bm3b_6;ERR13576990;ERX12946893;AMPLICON;paired;Illumina MiSeq;410658;soil metagenome;Bm3b;run/ERR135/ERR13576990/Bm3b_SR_ITS_R1.fastq.gz;run/ERR135/ERR13576990/Bm3b_SR_ITS_R2.fastq.gz;25/04/2023;5.67129 DD;51.98699 DD;0.05 m;22 m;Soil;Tomato rhizosphere;M. brunneum and native microbial community interactions;11cm plastic pot;
SAMEA115940993;ITS_Bm4a_7;ERR13576991;ERX12946894;AMPLICON;paired;Illumina MiSeq;410658;soil metagenome;Bm4a;run/ERR135/ERR13576991/Bm4a_SR_ITS_R1.fastq.gz;run/ERR135/ERR13576991/Bm4a_SR_ITS_R2.fastq.gz;25/04/2023;5.67129 DD;51.98699 DD;0.05 m;22 m;Soil;Tomato rhizosphere;M. brunneum and native microbial community interactions;11cm plastic pot;
SAMEA115940996;ITS_Bm5b_10;ERR13576994;ERX12946897;AMPLICON;paired;Illumina MiSeq;410658;soil metagenome;Bm5b_10;run/ERR135/ERR13576994/Bm5b_SR_ITS_R1.fastq.gz;run/ERR135/ERR13576994/Bm5b_SR_ITS_R2.fastq.gz;25/04/2023;5.67129 DD;51.98699 DD;0.05 m;22 m;Soil;Tomato rhizosphere;M. brunneum and native microbial community interactions;11cm plastic pot;
SAMEA115940998;ITS_Bm8a_12;ERR13576996;ERX12946899;AMPLICON;paired;Illumina MiSeq;410658;soil metagenome;Bm8a_12;run/ERR135/ERR13576996/Bm7b_SR_ITS_R1.fastq.gz;run/ERR135/ERR13576996/Bm7b_SR_ITS_R2.fastq.gz;25/04/2023;5.67129 DD;51.98699 DD;0.05 m;22 m;Soil;Tomato rhizosphere;M. brunneum and native microbial community interactions;11cm plastic pot;
SAMEA115941005;ITS_Bm11b_19;ERR13577003;ERX12946906;AMPLICON;paired;Illumina MiSeq;410658;soil metagenome;Bm11b_19;run/ERR135/ERR13577003/Bm11b_SR_ITS_R1.fastq.gz;run/ERR135/ERR13577003/Bm11b_SR_ITS_R2.fastq.gz;25/04/2023;5.67129 DD;51.98699 DD;0.05 m;22 m;Soil;Tomato rhizosphere;M. brunneum and native microbial community interactions;11cm plastic pot;
SAMEA115941006;ITS_Bm12a_20;ERR13577004;ERX12946907;AMPLICON;paired;Illumina MiSeq;410658;soil metagenome;Bm12a_20;run/ERR135/ERR13577004/Bm12a_SR_ITS_R1.fastq.gz;run/ERR135/ERR13577004/Bm12a_SR_ITS_R2.fastq.gz;25/04/2023;5.67129 DD;51.98699 DD;0.05 m;22 m;Soil;Tomato rhizosphere;M. brunneum and native microbial community interactions;11cm plastic pot;
SAMEA115941010;ITS_cc14_24;ERR13577008;ERX12946911;AMPLICON;paired;Illumina MiSeq;410658;soil metagenome;cc14_24;run/ERR135/ERR13577008/cc14_SR_ITS_R1.fastq.gz;run/ERR135/ERR13577008/cc14_SR_ITS_R2.fastq.gz;25/04/2023;5.67129 DD;51.98699 DD;0.05 m;22 m;Soil;Tomato rhizosphere;M. brunneum and native microbial community interactions;11cm plastic pot;
SAMEA115941011;ITS_cc17p_25;ERR13577009;ERX12946912;AMPLICON;paired;Illumina MiSeq;410658;soil metagenome;cc17p_25;run/ERR135/ERR13577009/cc17p_a_SR_ITS_R1.fastq.gz;run/ERR135/ERR13577009/cc17p_a_SR_ITS_R2.fastq.gz;25/04/2023;5.67129 DD;51.98699 DD;0.05 m;22 m;Soil;Tomato rhizosphere;M. brunneum and native microbial community interactions;11cm plastic pot;
SAMEA115941019;ITS_Mb4b_33;ERR13577017;ERX12946920;AMPLICON;paired;Illumina MiSeq;410658;soil metagenome;Mb4b_33;run/ERR135/ERR13577017/Mb4b_SR_ITS_R1.fastq.gz;run/ERR135/ERR13577017/Mb4b_SR_ITS_R2.fastq.gz;25/04/2023;5.67129 DD;51.98699 DD;0.05 m;22 m;Soil;Tomato rhizosphere;M. brunneum and native microbial community interactions;11cm plastic pot;
SAMEA115941022;ITS_Mb6a_36;ERR13577020;ERX12946923;AMPLICON;paired;Illumina MiSeq;410658;soil metagenome;Mb6a_36;run/ERR135/ERR13577020/Mb6a_SR_ITS_R1.fastq.gz;run/ERR135/ERR13577020/Mb6a_SR_ITS_R2.fastq.gz;25/04/2023;5.67129 DD;51.98699 DD;0.05 m;22 m;Soil;Tomato rhizosphere;M. brunneum and native microbial community interactions;11cm plastic pot;
SAMEA115941024;ITS_Mb7a_38;ERR13577022;ERX12946925;AMPLICON;paired;Illumina MiSeq;410658;soil metagenome;Mb7a_38;run/ERR135/ERR13577022/Mb7a_SR_ITS_R1.fastq.gz;run/ERR135/ERR13577022/Mb7a_SR_ITS_R2.fastq.gz;25/04/2023;5.67129 DD;51.98699 DD;0.05 m;22 m;Soil;Tomato rhizosphere;M. brunneum and native microbial community interactions;11cm plastic pot;
SAMEA115941025;ITS_Mb7b_39;ERR13577023;ERX12946926;AMPLICON;paired;Illumina MiSeq;410658;soil metagenome;Mb7b_39;run/ERR135/ERR13577023/Mb7b_SR_ITS_R1.fastq.gz;run/ERR135/ERR13577023/Mb7b_SR_ITS_R2.fastq.gz;25/04/2023;5.67129 DD;51.98699 DD;0.05 m;22 m;Soil;Tomato rhizosphere;M. brunneum and native microbial community interactions;11cm plastic pot;
SAMEA115941028;ITS_Mn1a_42;ERR13577026;ERX12946929;AMPLICON;paired;Illumina MiSeq;410658;soil metagenome;Mn1a_42;run/ERR135/ERR13577026/Mn1a_SR_ITS_R1.fastq.gz;run/ERR135/ERR13577026/Mn1a_SR_ITS_R2.fastq.gz;25/04/2023;5.67129 DD;51.98699 DD;0.05 m;22 m;Soil;Tomato rhizosphere;M. brunneum and native microbial community interactions;11cm plastic pot;
SAMEA115941031;ITS_Mn2b_45;ERR13577029;ERX12946932;AMPLICON;paired;Illumina MiSeq;410658;soil metagenome;Mn2b_45;run/ERR135/ERR13577029/Mn2b_SR_ITS_R1.fastq.gz;run/ERR135/ERR13577029/Mn2b_SR_ITS_R2.fastq.gz;25/04/2023;5.67129 DD;51.98699 DD;0.05 m;22 m;Soil;Tomato rhizosphere;M. brunneum and native microbial community interactions;11cm plastic pot;
SAMEA115941042;ITS_Mn9b_56;ERR13577040;ERX12946943;AMPLICON;paired;Illumina MiSeq;410658;soil metagenome;Mn9b_56;run/ERR135/ERR13577040/Mn9b_SR_ITS_R1.fastq.gz;run/ERR135/ERR13577040/Mn9b_SR_ITS_R2.fastq.gz;25/04/2023;5.67129 DD;51.98699 DD;0.05 m;22 m;Soil;Tomato rhizosphere;M. brunneum and native microbial community interactions;11cm plastic pot;
SAMEA115941044;ITS_Mn11a_58;ERR13577042;ERX12946945;AMPLICON;paired;Illumina MiSeq;410658;soil metagenome;Mn11a_58;run/ERR135/ERR13577042/Mn11a_SR_ITS_R1.fastq.gz;run/ERR135/ERR13577042/Mn11a_SR_ITS_R2.fastq.gz;25/04/2023;5.67129 DD;51.98699 DD;0.05 m;22 m;Soil;Tomato rhizosphere;M. brunneum and native microbial community interactions;11cm plastic pot;
SAMEA115941046;ITS_Mn12a_60;ERR13577044;ERX12946947;AMPLICON;paired;Illumina MiSeq;410658;soil metagenome;Mn12a_60;run/ERR135/ERR13577044/Mn12a_SR_ITS_R1.fastq.gz;run/ERR135/ERR13577044/Mn12a_SR_ITS_R2.fastq.gz;25/04/2023;5.67129 DD;51.98699 DD;0.05 m;22 m;Soil;Tomato rhizosphere;M. brunneum and native microbial community interactions;11cm plastic pot;
SAMEA115941047;ITS_Mn12b_61;ERR13577045;ERX12946948;AMPLICON;paired;Illumina MiSeq;410658;soil metagenome;Mn12b_61;run/ERR135/ERR13577045/Mn12b_SR_ITS_R1.fastq.gz;run/ERR135/ERR13577045/Mn12b_SR_ITS_R2.fastq.gz;25/04/2023;5.67129 DD;51.98699 DD;0.05 m;22 m;Soil;Tomato rhizosphere;M. brunneum and native microbial community interactions;11cm plastic pot;
SAMEA115941048;ITS_Mock_62;ERR13577046;ERX12946949;AMPLICON;paired;Illumina MiSeq;410658;soil metagenome;Mock_62;run/ERR135/ERR13577046/MOCK_SR_ITS_R1.fastq.gz;run/ERR135/ERR13577046/MOCK_SR_ITS_R2.fastq.gz;25/04/2023;5.67129 DD;51.98699 DD;0.05 m;22 m;Soil;Tomato rhizosphere;M. brunneum and native microbial community interactions;11cm plastic pot;
SAMEA115941050;ITS_Mp1b_64;ERR13577048;ERX12946951;AMPLICON;paired;Illumina MiSeq;410658;soil metagenome;Mp1b_64;run/ERR135/ERR13577048/Mp1b_SR_ITS_R1.fastq.gz;run/ERR135/ERR13577048/Mp1b_SR_ITS_R2.fastq.gz;25/04/2023;5.67129 DD;51.98699 DD;0.05 m;22 m;Soil;Tomato rhizosphere;M. brunneum and native microbial community interactions;11cm plastic pot;
SAMEA115941051;ITS_Mp2a_65;ERR13577049;ERX12946952;AMPLICON;paired;Illumina MiSeq;410658;soil metagenome;Mp2a_65;run/ERR135/ERR13577049/Mp2a_SR_ITS_R1.fastq.gz;run/ERR135/ERR13577049/Mp2a_SR_ITS_R2.fastq.gz;25/04/2023;5.67129 DD;51.98699 DD;0.05 m;22 m;Soil;Tomato rhizosphere;M. brunneum and native microbial community interactions;11cm plastic pot;
SAMEA115941054;ITS_Mp4a_68;ERR13577052;ERX12946955;AMPLICON;paired;Illumina MiSeq;410658;soil metagenome;Mp4a_68;run/ERR135/ERR13577052/Mp4a_SR_ITS_R1.fastq.gz;run/ERR135/ERR13577052/Mp4a_SR_ITS_R2.fastq.gz;25/04/2023;5.67129 DD;51.98699 DD;0.05 m;22 m;Soil;Tomato rhizosphere;M. brunneum and native microbial community interactions;11cm plastic pot;
SAMEA115941055;ITS_Mp4b_69;ERR13577053;ERX12946956;AMPLICON;paired;Illumina MiSeq;410658;soil metagenome;Mp4b_69;run/ERR135/ERR13577053/Mp4b_SR_ITS_R1.fastq.gz;run/ERR135/ERR13577053/Mp4b_SR_ITS_R2.fastq.gz;25/04/2023;5.67129 DD;51.98699 DD;0.05 m;22 m;Soil;Tomato rhizosphere;M. brunneum and native microbial community interactions;11cm plastic pot;
SAMEA115941059;ITS_Mp7b_73;ERR13577057;ERX12946960;AMPLICON;paired;Illumina MiSeq;410658;soil metagenome;Mp7b_73;run/ERR135/ERR13577057/Mp7b_SR_ITS_R1.fastq.gz;run/ERR135/ERR13577057/Mp7b_SR_ITS_R2.fastq.gz;25/04/2023;5.67129 DD;51.98699 DD;0.05 m;22 m;Soil;Tomato rhizosphere;M. brunneum and native microbial community interactions;11cm plastic pot;
SAMEA115941060;ITS_Mp8a_74;ERR13577058;ERX12946961;AMPLICON;paired;Illumina MiSeq;410658;soil metagenome;Mp8a_74;run/ERR135/ERR13577058/Mp8a_SR_ITS_R1.fastq.gz;run/ERR135/ERR13577058/Mp8a_SR_ITS_R2.fastq.gz;25/04/2023;5.67129 DD;51.98699 DD;0.05 m;22 m;Soil;Tomato rhizosphere;M. brunneum and native microbial community interactions;11cm plastic pot;
SAMEA115941061;ITS_Mp8b_75;ERR13577059;ERX12946962;AMPLICON;paired;Illumina MiSeq;410658;soil metagenome;Mp8b_75;run/ERR135/ERR13577059/Mp8b_SR_ITS_R1.fastq.gz;run/ERR135/ERR13577059/Mp8b_SR_ITS_R2.fastq.gz;25/04/2023;5.67129 DD;51.98699 DD;0.05 m;22 m;Soil;Tomato rhizosphere;M. brunneum and native microbial community interactions;11cm plastic pot;
SAMEA115941065;ITS_Mp11a_79;ERR13577063;ERX12946966;AMPLICON;paired;Illumina MiSeq;410658;soil metagenome;Mp11a_79;run/ERR135/ERR13577063/Mp11a_SR_ITS_R1.fastq.gz;run/ERR135/ERR13577063/Mp11a_SR_ITS_R2.fastq.gz;25/04/2023;5.67129 DD;51.98699 DD;0.05 m;22 m;Soil;Tomato rhizosphere;M. brunneum and native microbial community interactions;11cm plastic pot;
SAMEA115941068;ITS_Mp12b_82;ERR13577066;ERX12946969;AMPLICON;paired;Illumina MiSeq;410658;soil metagenome;Mp12b_82;run/ERR135/ERR13577066/Mp12b_SR_ITS_R1.fastq.gz;run/ERR135/ERR13577066/Mp12b_SR_ITS_R2.fastq.gz;25/04/2023;5.67129 DD;51.98699 DD;0.05 m;22 m;Soil;Tomato rhizosphere;M. brunneum and native microbial community interactions;11cm plastic pot;
SAMEA115941072;ITS_REFNSsoil4_86;ERR13577070;ERX12946973;AMPLICON;paired;Illumina MiSeq;410658;soil metagenome;REFNSsoil4_86;run/ERR135/ERR13577070/REFNSsoil4_SR_ITS_R1.fastq.gz;run/ERR135/ERR13577070/REFNSsoil4_SR_ITS_R2.fastq.gz;25/04/2023;5.67129 DD;51.98699 DD;0.05 m;22 m;Soil;Tomato rhizosphere;M. brunneum and native microbial community interactions;11cm plastic pot;
SAMEA115941073;ITS_REstersoil_87;ERR13577071;ERX12946974;AMPLICON;paired;Illumina MiSeq;410658;soil metagenome;REstersoil_87;run/ERR135/ERR13577071/REstersoil_SR_ITS_R1.fastq.gz;run/ERR135/ERR13577071/REstersoil_SR_ITS_R2.fastq.gz;25/04/2023;5.67129 DD;51.98699 DD;0.05 m;22 m;Soil;Tomato rhizosphere;M. brunneum and native microbial community interactions;11cm plastic pot;
SAMEA115941075;16S_Bm1a_2;ERR13577078;ERX12946981;AMPLICON;paired;Illumina MiSeq;410658;soil metagenome;Bm1a_2;run/ERR135/ERR13577078/Bm1a_SR_16S_R1.fastq.gz;run/ERR135/ERR13577078/Bm1a_SR_16S_R2.fastq.gz;25/04/2023;5.67129 DD;51.98699 DD;0.05 m;22 m;Soil;Tomato rhizosphere;M. brunneum and native microbial community interactions;11cm plastic pot;
SAMEA115941077;16S_Bm2a_4;ERR13577080;ERX12946983;AMPLICON;paired;Illumina MiSeq;410658;soil metagenome;Bm2a_4;run/ERR135/ERR13577080/Bm2a_SR_16S_R1.fastq.gz;run/ERR135/ERR13577080/Bm2a_SR_16S_R2.fastq.gz;25/04/2023;5.67129 DD;51.98699 DD;0.05 m;22 m;Soil;Tomato rhizosphere;M. brunneum and native microbial community interactions;11cm plastic pot;
SAMEA115941080;16S_Bm4a_7;ERR13577083;ERX12946986;AMPLICON;paired;Illumina MiSeq;410658;soil metagenome;Bm4a_7;run/ERR135/ERR13577083/Bm4a_SR_16S_R1.fastq.gz;run/ERR135/ERR13577083/Bm4a_SR_16S_R2.fastq.gz;25/04/2023;5.67129 DD;51.98699 DD;0.05 m;22 m;Soil;Tomato rhizosphere;M. brunneum and native microbial community interactions;11cm plastic pot;
SAMEA115941081;16S_Bm4b_8;ERR13577084;ERX12946987;AMPLICON;paired;Illumina MiSeq;410658;soil metagenome;Bm4b_8;run/ERR135/ERR13577084/Bm4b_SR_16S_R1.fastq.gz;run/ERR135/ERR13577084/Bm4b_SR_16S_R2.fastq.gz;25/04/2023;5.67129 DD;51.98699 DD;0.05 m;22 m;Soil;Tomato rhizosphere;M. brunneum and native microbial community interactions;11cm plastic pot;
SAMEA115941087;16S_Bm9a_14;ERR13577090;ERX12946993;AMPLICON;paired;Illumina MiSeq;410658;soil metagenome;Bm9a_14;run/ERR135/ERR13577090/Bm8b_SR_16S_R1.fastq.gz;run/ERR135/ERR13577090/Bm8b_SR_16S_R2.fastq.gz;25/04/2023;5.67129 DD;51.98699 DD;0.05 m;22 m;Soil;Tomato rhizosphere;M. brunneum and native microbial community interactions;11cm plastic pot;
SAMEA115941088;16S_Bm9b_15;ERR13577091;ERX12946994;AMPLICON;paired;Illumina MiSeq;410658;soil metagenome;Bm9b_15;run/ERR135/ERR13577091/Bm9a_SR_16S_R1.fastq.gz;run/ERR135/ERR13577091/Bm9a_SR_16S_R2.fastq.gz;25/04/2023;5.67129 DD;51.98699 DD;0.05 m;22 m;Soil;Tomato rhizosphere;M. brunneum and native microbial community interactions;11cm plastic pot;
SAMEA115941100;16S_Mb1b_27;ERR13577098;ERX12947001;AMPLICON;paired;Illumina MiSeq;410658;soil metagenome;Mb1b_27;run/ERR135/ERR13577098/Mb1b_SR_16S_R1.fastq.gz;run/ERR135/ERR13577098/Mb1b_SR_16S_R2.fastq.gz;25/04/2023;5.67129 DD;51.98699 DD;0.05 m;22 m;Soil;Tomato rhizosphere;M. brunneum and native microbial community interactions;11cm plastic pot;
SAMEA115941101;16S_Mb2a_28;ERR13577099;ERX12947002;AMPLICON;paired;Illumina MiSeq;410658;soil metagenome;Mb2a_28;run/ERR135/ERR13577099/Mb2a_SR_16S_R1.fastq.gz;run/ERR135/ERR13577099/Mb2a_SR_16S_R2.fastq.gz;25/04/2023;5.67129 DD;51.98699 DD;0.05 m;22 m;Soil;Tomato rhizosphere;M. brunneum and native microbial community interactions;11cm plastic pot;
SAMEA115941108;16S_Mb5b_35;ERR13577106;ERX12947009;AMPLICON;paired;Illumina MiSeq;410658;soil metagenome;Mb5b_35;run/ERR135/ERR13577106/Mb5b_SR_16S_R1.fastq.gz;run/ERR135/ERR13577106/Mb5b_SR_16S_R2.fastq.gz;25/04/2023;5.67129 DD;51.98699 DD;0.05 m;22 m;Soil;Tomato rhizosphere;M. brunneum and native microbial community interactions;11cm plastic pot;
SAMEA115941133;16S_Mn12a_60;ERR13577116;ERX12947019;AMPLICON;paired;Illumina MiSeq;410658;soil metagenome;Mn12a_60;run/ERR135/ERR13577116/Mn12a_SR_16S_R1.fastq.gz;run/ERR135/ERR13577116/Mn12a_SR_16S_R2.fastq.gz;25/04/2023;5.67129 DD;51.98699 DD;0.05 m;22 m;Soil;Tomato rhizosphere;M. brunneum and native microbial community interactions;11cm plastic pot;
SAMEA115941134;16S_Mn12b_61;ERR13577117;ERX12947020;AMPLICON;paired;Illumina MiSeq;410658;soil metagenome;Mn12b_61;run/ERR135/ERR13577117/Mn12b_SR_16S_R1.fastq.gz;run/ERR135/ERR13577117/Mn12b_SR_16S_R2.fastq.gz;25/04/2023;5.67129 DD;51.98699 DD;0.05 m;22 m;Soil;Tomato rhizosphere;M. brunneum and native microbial community interactions;11cm plastic pot;
SAMEA115941118;16S_Mn2b_45;ERR13577121;ERX12947024;AMPLICON;paired;Illumina MiSeq;410658;soil metagenome;Mn2b_45;run/ERR135/ERR13577121/Mn2b_SR_16S_R1.fastq.gz;run/ERR135/ERR13577121/Mn2b_SR_16S_R2.fastq.gz;25/04/2023;5.67129 DD;51.98699 DD;0.05 m;22 m;Soil;Tomato rhizosphere;M. brunneum and native microbial community interactions;11cm plastic pot;
SAMEA115941120;16S_Mn4a_47;ERR13577123;ERX12947026;AMPLICON;paired;Illumina MiSeq;410658;soil metagenome;Mn4a_47;run/ERR135/ERR13577123/Mn4a_SR_16S_R1.fastq.gz;run/ERR135/ERR13577123/Mn4a_SR_16S_R2.fastq.gz;25/04/2023;5.67129 DD;51.98699 DD;0.05 m;22 m;Soil;Tomato rhizosphere;M. brunneum and native microbial community interactions;11cm plastic pot;
SAMEA115941122;16S_Mn5a_49;ERR13577125;ERX12947028;AMPLICON;paired;Illumina MiSeq;410658;soil metagenome;Mn5a_49;run/ERR135/ERR13577125/Mn5a_SR_16S_R1.fastq.gz;run/ERR135/ERR13577125/Mn5a_SR_16S_R2.fastq.gz;25/04/2023;5.67129 DD;51.98699 DD;0.05 m;22 m;Soil;Tomato rhizosphere;M. brunneum and native microbial community interactions;11cm plastic pot;
SAMEA115941126;16S_Mn8a_53;ERR13577129;ERX12947032;AMPLICON;paired;Illumina MiSeq;410658;soil metagenome;Mn8a_53;run/ERR135/ERR13577129/Mn8a_SR_16S_R1.fastq.gz;run/ERR135/ERR13577129/Mn8a_SR_16S_R2.fastq.gz;25/04/2023;5.67129 DD;51.98699 DD;0.05 m;22 m;Soil;Tomato rhizosphere;M. brunneum and native microbial community interactions;11cm plastic pot;
SAMEA115941127;16S_Mn8b_54;ERR13577130;ERX12947033;AMPLICON;paired;Illumina MiSeq;410658;soil metagenome;Mn8b_54;run/ERR135/ERR13577130/Mn8b_SR_16S_R1.fastq.gz;run/ERR135/ERR13577130/Mn8b_SR_16S_R2.fastq.gz;25/04/2023;5.67129 DD;51.98699 DD;0.05 m;22 m;Soil;Tomato rhizosphere;M. brunneum and native microbial community interactions;11cm plastic pot;
SAMEA115941154;16S_Mp12a_81;ERR13577137;ERX12947040;AMPLICON;paired;Illumina MiSeq;410658;soil metagenome;Mp12a_81;run/ERR135/ERR13577137/Mp12a_SR_16S_R1.fastq.gz;run/ERR135/ERR13577137/Mp12a_SR_16S_R2.fastq.gz;25/04/2023;5.67129 DD;51.98699 DD;0.05 m;22 m;Soil;Tomato rhizosphere;M. brunneum and native microbial community interactions;11cm plastic pot;
SAMEA115941139;16S_Mp2b_66;ERR13577142;ERX12947045;AMPLICON;paired;Illumina MiSeq;410658;soil metagenome;Mp2b_66;run/ERR135/ERR13577142/Mp2b_SR_16S_R1.fastq.gz;run/ERR135/ERR13577142/Mp2b_SR_16S_R2.fastq.gz;25/04/2023;5.67129 DD;51.98699 DD;0.05 m;22 m;Soil;Tomato rhizosphere;M. brunneum and native microbial community interactions;11cm plastic pot;
SAMEA115941142;16S_Mp4b_69;ERR13577145;ERX12947048;AMPLICON;paired;Illumina MiSeq;410658;soil metagenome;Mp4b_69;run/ERR135/ERR13577145/Mp4b_SR_16S_R1.fastq.gz;run/ERR135/ERR13577145/Mp4b_SR_16S_R2.fastq.gz;25/04/2023;5.67129 DD;51.98699 DD;0.05 m;22 m;Soil;Tomato rhizosphere;M. brunneum and native microbial community interactions;11cm plastic pot;
SAMEA115941150;16S_Mp9b_77;ERR13577153;ERX12947056;AMPLICON;paired;Illumina MiSeq;410658;soil metagenome;Mp9b_77;run/ERR135/ERR13577153/Mp9b_SR_16S_R1.fastq.gz;run/ERR135/ERR13577153/Mp9b_SR_16S_R2.fastq.gz;25/04/2023;5.67129 DD;51.98699 DD;0.05 m;22 m;Soil;Tomato rhizosphere;M. brunneum and native microbial community interactions;11cm plastic pot;
SAMEA115941160;16S_REstersoil_87;ERR13577158;ERX12947061;AMPLICON;paired;Illumina MiSeq;410658;soil metagenome;REstersoil_87;run/ERR135/ERR13577158/REstersoil_SR_16S_R1.fastq.gz;run/ERR135/ERR13577158/REstersoil_SR_16S_R2.fastq.gz;25/04/2023;5.67129 DD;51.98699 DD;0.05 m;22 m;Soil;Tomato rhizosphere;M. brunneum and native microbial community interactions;11cm plastic pot;
SAMEA115940990;ITS_Bm2a_4;ERR13576988;ERX12946891;AMPLICON;paired;Illumina MiSeq;410658;soil metagenome;Bm2a;run/ERR135/ERR13576988/Bm2a_SR_ITS_R1.fastq.gz;run/ERR135/ERR13576988/Bm2a_SR_ITS_R2.fastq.gz;25/04/2023;5.67129 DD;51.98699 DD;0.05 m;22 m;Soil;Tomato rhizosphere;M. brunneum and native microbial community interactions;11cm plastic pot;
SAMEA115940995;ITS_Bm5a_9;ERR13576993;ERX12946896;AMPLICON;paired;Illumina MiSeq;410658;soil metagenome;Bm5a_9;run/ERR135/ERR13576993/Bm5a_SR_ITS_R1.fastq.gz;run/ERR135/ERR13576993/Bm5a_SR_ITS_R2.fastq.gz;25/04/2023;5.67129 DD;51.98699 DD;0.05 m;22 m;Soil;Tomato rhizosphere;M. brunneum and native microbial community interactions;11cm plastic pot;
SAMEA115940999;ITS_Bm8b_13;ERR13576997;ERX12946900;AMPLICON;paired;Illumina MiSeq;410658;soil metagenome;Bm8b_13;run/ERR135/ERR13576997/Bm8a_SR_ITS_R1.fastq.gz;run/ERR135/ERR13576997/Bm8a_SR_ITS_R2.fastq.gz;25/04/2023;5.67129 DD;51.98699 DD;0.05 m;22 m;Soil;Tomato rhizosphere;M. brunneum and native microbial community interactions;11cm plastic pot;
SAMEA115941000;ITS_Bm9a_14;ERR13576998;ERX12946901;AMPLICON;paired;Illumina MiSeq;410658;soil metagenome;Bm9a_14;run/ERR135/ERR13576998/Bm8b_SR_ITS_R1.fastq.gz;run/ERR135/ERR13576998/Bm8b_SR_ITS_R2.fastq.gz;25/04/2023;5.67129 DD;51.98699 DD;0.05 m;22 m;Soil;Tomato rhizosphere;M. brunneum and native microbial community interactions;11cm plastic pot;
SAMEA115941003;ITS_Bm10b_17;ERR13577001;ERX12946904;AMPLICON;paired;Illumina MiSeq;410658;soil metagenome;Bm10b_17;run/ERR135/ERR13577001/Bm10b_SR_ITS_R1.fastq.gz;run/ERR135/ERR13577001/Bm10b_SR_ITS_R2.fastq.gz;25/04/2023;5.67129 DD;51.98699 DD;0.05 m;22 m;Soil;Tomato rhizosphere;M. brunneum and native microbial community interactions;11cm plastic pot;
SAMEA115941004;ITS_Bm11a_18;ERR13577002;ERX12946905;AMPLICON;paired;Illumina MiSeq;410658;soil metagenome;Bm11a_18;run/ERR135/ERR13577002/Bm11a_SR_ITS_R1.fastq.gz;run/ERR135/ERR13577002/Bm11a_SR_ITS_R2.fastq.gz;25/04/2023;5.67129 DD;51.98699 DD;0.05 m;22 m;Soil;Tomato rhizosphere;M. brunneum and native microbial community interactions;11cm plastic pot;
SAMEA115941007;ITS_Bm12b_21;ERR13577005;ERX12946908;AMPLICON;paired;Illumina MiSeq;410658;soil metagenome;Bm12b_21;run/ERR135/ERR13577005/Bm12b_SR_ITS_R1.fastq.gz;run/ERR135/ERR13577005/Bm12b_SR_ITS_R2.fastq.gz;25/04/2023;5.67129 DD;51.98699 DD;0.05 m;22 m;Soil;Tomato rhizosphere;M. brunneum and native microbial community interactions;11cm plastic pot;
SAMEA115941013;ITS_Mb1b_27;ERR13577011;ERX12946914;AMPLICON;paired;Illumina MiSeq;410658;soil metagenome;Mb1b_27;run/ERR135/ERR13577011/Mb1b_SR_ITS_R1.fastq.gz;run/ERR135/ERR13577011/Mb1b_SR_ITS_R2.fastq.gz;25/04/2023;5.67129 DD;51.98699 DD;0.05 m;22 m;Soil;Tomato rhizosphere;M. brunneum and native microbial community interactions;11cm plastic pot;
SAMEA115941018;ITS_Mb4a_32;ERR13577016;ERX12946919;AMPLICON;paired;Illumina MiSeq;410658;soil metagenome;Mb4a_32;run/ERR135/ERR13577016/Mb4a_SR_ITS_R1.fastq.gz;run/ERR135/ERR13577016/Mb4a_SR_ITS_R2.fastq.gz;25/04/2023;5.67129 DD;51.98699 DD;0.05 m;22 m;Soil;Tomato rhizosphere;M. brunneum and native microbial community interactions;11cm plastic pot;
SAMEA115941020;ITS_Mb5a_34;ERR13577018;ERX12946921;AMPLICON;paired;Illumina MiSeq;410658;soil metagenome;Mb5a_34;run/ERR135/ERR13577018/Mb5a_SR_ITS_R1.fastq.gz;run/ERR135/ERR13577018/Mb5a_SR_ITS_R2.fastq.gz;25/04/2023;5.67129 DD;51.98699 DD;0.05 m;22 m;Soil;Tomato rhizosphere;M. brunneum and native microbial community interactions;11cm plastic pot;
SAMEA115941021;ITS_Mb5b_35;ERR13577019;ERX12946922;AMPLICON;paired;Illumina MiSeq;410658;soil metagenome;Mb5b_35;run/ERR135/ERR13577019/Mb5b_SR_ITS_R1.fastq.gz;run/ERR135/ERR13577019/Mb5b_SR_ITS_R2.fastq.gz;25/04/2023;5.67129 DD;51.98699 DD;0.05 m;22 m;Soil;Tomato rhizosphere;M. brunneum and native microbial community interactions;11cm plastic pot;
SAMEA115941027;ITS_Mb8b_41;ERR13577025;ERX12946928;AMPLICON;paired;Illumina MiSeq;410658;soil metagenome;Mb8b_41;run/ERR135/ERR13577025/Mb8b_SR_ITS_R1.fastq.gz;run/ERR135/ERR13577025/Mb8b_SR_ITS_R2.fastq.gz;25/04/2023;5.67129 DD;51.98699 DD;0.05 m;22 m;Soil;Tomato rhizosphere;M. brunneum and native microbial community interactions;11cm plastic pot;
SAMEA115941032;ITS_Mn3b_46;ERR13577030;ERX12946933;AMPLICON;paired;Illumina MiSeq;410658;soil metagenome;Mn3b_46;run/ERR135/ERR13577030/Mn3b_SR_ITS_R1.fastq.gz;run/ERR135/ERR13577030/Mn3b_SR_ITS_R2.fastq.gz;25/04/2023;5.67129 DD;51.98699 DD;0.05 m;22 m;Soil;Tomato rhizosphere;M. brunneum and native microbial community interactions;11cm plastic pot;
SAMEA115941033;ITS_Mn4a_47;ERR13577031;ERX12946934;AMPLICON;paired;Illumina MiSeq;410658;soil metagenome;Mn4a_47;run/ERR135/ERR13577031/Mn4a_SR_ITS_R1.fastq.gz;run/ERR135/ERR13577031/Mn4a_SR_ITS_R2.fastq.gz;25/04/2023;5.67129 DD;51.98699 DD;0.05 m;22 m;Soil;Tomato rhizosphere;M. brunneum and native microbial community interactions;11cm plastic pot;
SAMEA115941034;ITS_Mn4b_48;ERR13577032;ERX12946935;AMPLICON;paired;Illumina MiSeq;410658;soil metagenome;Mn4b_48;run/ERR135/ERR13577032/Mn4b_SR_ITS_R1.fastq.gz;run/ERR135/ERR13577032/Mn4b_SR_ITS_R2.fastq.gz;25/04/2023;5.67129 DD;51.98699 DD;0.05 m;22 m;Soil;Tomato rhizosphere;M. brunneum and native microbial community interactions;11cm plastic pot;
SAMEA115941035;ITS_Mn5a_49;ERR13577033;ERX12946936;AMPLICON;paired;Illumina MiSeq;410658;soil metagenome;Mn5a_49;run/ERR135/ERR13577033/Mn5a_SR_ITS_R1.fastq.gz;run/ERR135/ERR13577033/Mn5a_SR_ITS_R2.fastq.gz;25/04/2023;5.67129 DD;51.98699 DD;0.05 m;22 m;Soil;Tomato rhizosphere;M. brunneum and native microbial community interactions;11cm plastic pot;
SAMEA115941036;ITS_Mn5b_50;ERR13577034;ERX12946937;AMPLICON;paired;Illumina MiSeq;410658;soil metagenome;Mn5b_50;run/ERR135/ERR13577034/Mn5b_SR_ITS_R1.fastq.gz;run/ERR135/ERR13577034/Mn5b_SR_ITS_R2.fastq.gz;25/04/2023;5.67129 DD;51.98699 DD;0.05 m;22 m;Soil;Tomato rhizosphere;M. brunneum and native microbial community interactions;11cm plastic pot;
SAMEA115941039;ITS_Mn8a_53;ERR13577037;ERX12946940;AMPLICON;paired;Illumina MiSeq;410658;soil metagenome;Mn8a_53;run/ERR135/ERR13577037/Mn8a_SR_ITS_R1.fastq.gz;run/ERR135/ERR13577037/Mn8a_SR_ITS_R2.fastq.gz;25/04/2023;5.67129 DD;51.98699 DD;0.05 m;22 m;Soil;Tomato rhizosphere;M. brunneum and native microbial community interactions;11cm plastic pot;
SAMEA115941049;ITS_Mp1a_63;ERR13577047;ERX12946950;AMPLICON;paired;Illumina MiSeq;410658;soil metagenome;Mp1a_63;run/ERR135/ERR13577047/Mp1a_SR_ITS_R1.fastq.gz;run/ERR135/ERR13577047/Mp1a_SR_ITS_R2.fastq.gz;25/04/2023;5.67129 DD;51.98699 DD;0.05 m;22 m;Soil;Tomato rhizosphere;M. brunneum and native microbial community interactions;11cm plastic pot;
SAMEA115941053;ITS_Mp3b_67;ERR13577051;ERX12946954;AMPLICON;paired;Illumina MiSeq;410658;soil metagenome;Mp3b_67;run/ERR135/ERR13577051/Mp3b_SR_ITS_R1.fastq.gz;run/ERR135/ERR13577051/Mp3b_SR_ITS_R2.fastq.gz;25/04/2023;5.67129 DD;51.98699 DD;0.05 m;22 m;Soil;Tomato rhizosphere;M. brunneum and native microbial community interactions;11cm plastic pot;
SAMEA115941056;ITS_Mp5s_70;ERR13577054;ERX12946957;AMPLICON;paired;Illumina MiSeq;410658;soil metagenome;Mp5s_70;run/ERR135/ERR13577054/Mp5a_SR_ITS_R1.fastq.gz;run/ERR135/ERR13577054/Mp5a_SR_ITS_R2.fastq.gz;25/04/2023;5.67129 DD;51.98699 DD;0.05 m;22 m;Soil;Tomato rhizosphere;M. brunneum and native microbial community interactions;11cm plastic pot;
SAMEA115941057;ITS_Mp5b_71;ERR13577055;ERX12946958;AMPLICON;paired;Illumina MiSeq;410658;soil metagenome;Mp5b_71;run/ERR135/ERR13577055/Mp5b_SR_ITS_R1.fastq.gz;run/ERR135/ERR13577055/Mp5b_SR_ITS_R2.fastq.gz;25/04/2023;5.67129 DD;51.98699 DD;0.05 m;22 m;Soil;Tomato rhizosphere;M. brunneum and native microbial community interactions;11cm plastic pot;
SAMEA115941058;ITS_Mp6b_72;ERR13577056;ERX12946959;AMPLICON;paired;Illumina MiSeq;410658;soil metagenome;Mp6b_72;run/ERR135/ERR13577056/Mp6b_SR_ITS_R1.fastq.gz;run/ERR135/ERR13577056/Mp6b_SR_ITS_R2.fastq.gz;25/04/2023;5.67129 DD;51.98699 DD;0.05 m;22 m;Soil;Tomato rhizosphere;M. brunneum and native microbial community interactions;11cm plastic pot;
SAMEA115941067;ITS_Mp12a_81;ERR13577065;ERX12946968;AMPLICON;paired;Illumina MiSeq;410658;soil metagenome;Mp12a_81;run/ERR135/ERR13577065/Mp12a_SR_ITS_R1.fastq.gz;run/ERR135/ERR13577065/Mp12a_SR_ITS_R2.fastq.gz;25/04/2023;5.67129 DD;51.98699 DD;0.05 m;22 m;Soil;Tomato rhizosphere;M. brunneum and native microbial community interactions;11cm plastic pot;
SAMEA115941069;ITS_REFnon_ssoil1_83;ERR13577067;ERX12946970;AMPLICON;paired;Illumina MiSeq;410658;soil metagenome;REFnon_ssoil1_83;run/ERR135/ERR13577067/REFnon_ssoil1_SR_ITS_R1.fastq.gz;run/ERR135/ERR13577067/REFnon_ssoil1_SR_ITS_R2.fastq.gz;25/04/2023;5.67129 DD;51.98699 DD;0.05 m;22 m;Soil;Tomato rhizosphere;M. brunneum and native microbial community interactions;11cm plastic pot;
SAMEA115941070;ITS_REFNSsoil2_84;ERR13577068;ERX12946971;AMPLICON;paired;Illumina MiSeq;410658;soil metagenome;REFNSsoil2_84;run/ERR135/ERR13577068/REFNSsoil2_SR_ITS_R1.fastq.gz;run/ERR135/ERR13577068/REFNSsoil2_SR_ITS_R2.fastq.gz;25/04/2023;5.67129 DD;51.98699 DD;0.05 m;22 m;Soil;Tomato rhizosphere;M. brunneum and native microbial community interactions;11cm plastic pot;
SAMEA115941071;ITS_REFNSsoil3_85;ERR13577069;ERX12946972;AMPLICON;paired;Illumina MiSeq;410658;soil metagenome;REFNSsoil3_85;run/ERR135/ERR13577069/REFNSsoil3_SR_ITS_R1.fastq.gz;run/ERR135/ERR13577069/REFNSsoil3_SR_ITS_R2.fastq.gz;25/04/2023;5.67129 DD;51.98699 DD;0.05 m;22 m;Soil;Tomato rhizosphere;M. brunneum and native microbial community interactions;11cm plastic pot;
SAMEA115941074;16S_blanco_1;ERR13577072;ERX12946975;AMPLICON;paired;Illumina MiSeq;410658;soil metagenome;blanco_1;run/ERR135/ERR13577072/blanco_SR_16S_R1.fastq.gz;run/ERR135/ERR13577072/blanco_SR_16S_R2.fastq.gz;25/04/2023;5.67129 DD;51.98699 DD;0.05 m;22 m;Soil;Tomato rhizosphere;M. brunneum and native microbial community interactions;11cm plastic pot;
SAMEA115941090;16S_Bm10b_17;ERR13577073;ERX12946976;AMPLICON;paired;Illumina MiSeq;410658;soil metagenome;Bm10b_17;run/ERR135/ERR13577073/Bm10b_SR_16S_R1.fastq.gz;run/ERR135/ERR13577073/Bm10b_SR_16S_R2.fastq.gz;25/04/2023;5.67129 DD;51.98699 DD;0.05 m;22 m;Soil;Tomato rhizosphere;M. brunneum and native microbial community interactions;11cm plastic pot;
SAMEA115941092;16S_Bm11b_19;ERR13577075;ERX12946978;AMPLICON;paired;Illumina MiSeq;410658;soil metagenome;Bm11b_19;run/ERR135/ERR13577075/Bm11b_SR_16S_R1.fastq.gz;run/ERR135/ERR13577075/Bm11b_SR_16S_R2.fastq.gz;25/04/2023;5.67129 DD;51.98699 DD;0.05 m;22 m;Soil;Tomato rhizosphere;M. brunneum and native microbial community interactions;11cm plastic pot;
SAMEA115941094;16S_Bm12b_21;ERR13577077;ERX12946980;AMPLICON;paired;Illumina MiSeq;410658;soil metagenome;Bm12b_21;run/ERR135/ERR13577077/Bm12b_SR_16S_R1.fastq.gz;run/ERR135/ERR13577077/Bm12b_SR_16S_R2.fastq.gz;25/04/2023;5.67129 DD;51.98699 DD;0.05 m;22 m;Soil;Tomato rhizosphere;M. brunneum and native microbial community interactions;11cm plastic pot;
SAMEA115941078;16S_Bm2b_5;ERR13577081;ERX12946984;AMPLICON;paired;Illumina MiSeq;410658;soil metagenome;Bm2b_5;run/ERR135/ERR13577081/Bm2b_SR_16S_R1.fastq.gz;run/ERR135/ERR13577081/Bm2b_SR_16S_R2.fastq.gz;25/04/2023;5.67129 DD;51.98699 DD;0.05 m;22 m;Soil;Tomato rhizosphere;M. brunneum and native microbial community interactions;11cm plastic pot;
SAMEA115941082;16S_Bm5a_9;ERR13577085;ERX12946988;AMPLICON;paired;Illumina MiSeq;410658;soil metagenome;Bm5a_9;run/ERR135/ERR13577085/Bm5a_SR_16S_R1.fastq.gz;run/ERR135/ERR13577085/Bm5a_SR_16S_R2.fastq.gz;25/04/2023;5.67129 DD;51.98699 DD;0.05 m;22 m;Soil;Tomato rhizosphere;M. brunneum and native microbial community interactions;11cm plastic pot;
SAMEA115941084;16S_Bm6b_11;ERR13577087;ERX12946990;AMPLICON;paired;Illumina MiSeq;410658;soil metagenome;Bm6b_11;run/ERR135/ERR13577087/Bm6b_SR_16S_R1.fastq.gz;run/ERR135/ERR13577087/Bm6b_SR_16S_R2.fastq.gz;25/04/2023;5.67129 DD;51.98699 DD;0.05 m;22 m;Soil;Tomato rhizosphere;M. brunneum and native microbial community interactions;11cm plastic pot;
SAMEA115941086;16S_Bm8b_13;ERR13577089;ERX12946992;AMPLICON;paired;Illumina MiSeq;410658;soil metagenome;Bm8b_13;run/ERR135/ERR13577089/Bm8a_SR_16S_R1.fastq.gz;run/ERR135/ERR13577089/Bm8a_SR_16S_R2.fastq.gz;25/04/2023;5.67129 DD;51.98699 DD;0.05 m;22 m;Soil;Tomato rhizosphere;M. brunneum and native microbial community interactions;11cm plastic pot;
SAMEA115941089;16S_Bm10b_16;ERR13577092;ERX12946995;AMPLICON;paired;Illumina MiSeq;410658;soil metagenome;Bm10b_16;run/ERR135/ERR13577092/Bm9b_SR_16S_R1.fastq.gz;run/ERR135/ERR13577092/Bm9b_SR_16S_R2.fastq.gz;25/04/2023;5.67129 DD;51.98699 DD;0.05 m;22 m;Soil;Tomato rhizosphere;M. brunneum and native microbial community interactions;11cm plastic pot;
SAMEA115941097;16S_cc14_24;ERR13577093;ERX12946996;AMPLICON;paired;Illumina MiSeq;410658;soil metagenome;cc14_24;run/ERR135/ERR13577093/cc14_SR_16S_R1.fastq.gz;run/ERR135/ERR13577093/cc14_SR_16S_R2.fastq.gz;25/04/2023;5.67129 DD;51.98699 DD;0.05 m;22 m;Soil;Tomato rhizosphere;M. brunneum and native microbial community interactions;11cm plastic pot;
SAMEA115941096;16S_cc4p_23;ERR13577096;ERX12946999;AMPLICON;paired;Illumina MiSeq;410658;soil metagenome;cc4p_23;run/ERR135/ERR13577096/cc4p_a_SR_16S_R1.fastq.gz;run/ERR135/ERR13577096/cc4p_a_SR_16S_R2.fastq.gz;25/04/2023;5.67129 DD;51.98699 DD;0.05 m;22 m;Soil;Tomato rhizosphere;M. brunneum and native microbial community interactions;11cm plastic pot;
SAMEA115941099;16S_Mb1a_26;ERR13577097;ERX12947000;AMPLICON;paired;Illumina MiSeq;410658;soil metagenome;Mb1a_26;run/ERR135/ERR13577097/Mb1a_SR_16S_R1.fastq.gz;run/ERR135/ERR13577097/Mb1a_SR_16S_R2.fastq.gz;25/04/2023;5.67129 DD;51.98699 DD;0.05 m;22 m;Soil;Tomato rhizosphere;M. brunneum and native microbial community interactions;11cm plastic pot;
SAMEA115941102;16S_Mb2b_29;ERR13577100;ERX12947003;AMPLICON;paired;Illumina MiSeq;410658;soil metagenome;Mb2b_29;run/ERR135/ERR13577100/Mb2b_SR_16S_R1.fastq.gz;run/ERR135/ERR13577100/Mb2b_SR_16S_R2.fastq.gz;25/04/2023;5.67129 DD;51.98699 DD;0.05 m;22 m;Soil;Tomato rhizosphere;M. brunneum and native microbial community interactions;11cm plastic pot;
SAMEA115941103;16S_Mb3a_30;ERR13577101;ERX12947004;AMPLICON;paired;Illumina MiSeq;410658;soil metagenome;Mb3a_30;run/ERR135/ERR13577101/Mb3a_SR_16S_R1.fastq.gz;run/ERR135/ERR13577101/Mb3a_SR_16S_R2.fastq.gz;25/04/2023;5.67129 DD;51.98699 DD;0.05 m;22 m;Soil;Tomato rhizosphere;M. brunneum and native microbial community interactions;11cm plastic pot;
SAMEA115941105;16S_Mb4a_32;ERR13577103;ERX12947006;AMPLICON;paired;Illumina MiSeq;410658;soil metagenome;Mb4a_32;run/ERR135/ERR13577103/Mb4a_SR_16S_R1.fastq.gz;run/ERR135/ERR13577103/Mb4a_SR_16S_R2.fastq.gz;25/04/2023;5.67129 DD;51.98699 DD;0.05 m;22 m;Soil;Tomato rhizosphere;M. brunneum and native microbial community interactions;11cm plastic pot;
SAMEA115941106;16S_Mb4b_33;ERR13577104;ERX12947007;AMPLICON;paired;Illumina MiSeq;410658;soil metagenome;Mb4b_33;run/ERR135/ERR13577104/Mb4b_SR_16S_R1.fastq.gz;run/ERR135/ERR13577104/Mb4b_SR_16S_R2.fastq.gz;25/04/2023;5.67129 DD;51.98699 DD;0.05 m;22 m;Soil;Tomato rhizosphere;M. brunneum and native microbial community interactions;11cm plastic pot;
SAMEA115941107;16S_Mb5a_34;ERR13577105;ERX12947008;AMPLICON;paired;Illumina MiSeq;410658;soil metagenome;Mb5a_34;run/ERR135/ERR13577105/Mb5a_SR_16S_R1.fastq.gz;run/ERR135/ERR13577105/Mb5a_SR_16S_R2.fastq.gz;25/04/2023;5.67129 DD;51.98699 DD;0.05 m;22 m;Soil;Tomato rhizosphere;M. brunneum and native microbial community interactions;11cm plastic pot;
SAMEA115941109;16S_Mb6a_36;ERR13577107;ERX12947010;AMPLICON;paired;Illumina MiSeq;410658;soil metagenome;Mb6a_36;run/ERR135/ERR13577107/Mb6a_SR_16S_R1.fastq.gz;run/ERR135/ERR13577107/Mb6a_SR_16S_R2.fastq.gz;25/04/2023;5.67129 DD;51.98699 DD;0.05 m;22 m;Soil;Tomato rhizosphere;M. brunneum and native microbial community interactions;11cm plastic pot;
SAMEA115941110;16S_Mb6b_37;ERR13577108;ERX12947011;AMPLICON;paired;Illumina MiSeq;410658;soil metagenome;Mb6b_37;run/ERR135/ERR13577108/Mb6b_SR_16S_R1.fastq.gz;run/ERR135/ERR13577108/Mb6b_SR_16S_R2.fastq.gz;25/04/2023;5.67129 DD;51.98699 DD;0.05 m;22 m;Soil;Tomato rhizosphere;M. brunneum and native microbial community interactions;11cm plastic pot;
SAMEA115941114;16S_Mb8b_41;ERR13577112;ERX12947015;AMPLICON;paired;Illumina MiSeq;410658;soil metagenome;Mb8b_41;run/ERR135/ERR13577112/Mb8b_SR_16S_R1.fastq.gz;run/ERR135/ERR13577112/Mb8b_SR_16S_R2.fastq.gz;25/04/2023;5.67129 DD;51.98699 DD;0.05 m;22 m;Soil;Tomato rhizosphere;M. brunneum and native microbial community interactions;11cm plastic pot;
SAMEA115941130;16S_Mn10b_57;ERR13577113;ERX12947016;AMPLICON;paired;Illumina MiSeq;410658;soil metagenome;Mn10b_57;run/ERR135/ERR13577113/Mn10b_SR_16S_R1.fastq.gz;run/ERR135/ERR13577113/Mn10b_SR_16S_R2.fastq.gz;25/04/2023;5.67129 DD;51.98699 DD;0.05 m;22 m;Soil;Tomato rhizosphere;M. brunneum and native microbial community interactions;11cm plastic pot;
SAMEA115941115;16S_Mn1a_42;ERR13577118;ERX12947021;AMPLICON;paired;Illumina MiSeq;410658;soil metagenome;Mn1a_42;run/ERR135/ERR13577118/Mn1a_SR_16S_R1.fastq.gz;run/ERR135/ERR13577118/Mn1a_SR_16S_R2.fastq.gz;25/04/2023;5.67129 DD;51.98699 DD;0.05 m;22 m;Soil;Tomato rhizosphere;M. brunneum and native microbial community interactions;11cm plastic pot;
SAMEA115941116;16S_Mn1b_43;ERR13577119;ERX12947022;AMPLICON;paired;Illumina MiSeq;410658;soil metagenome;Mn1b_43;run/ERR135/ERR13577119/Mn1b_SR_16S_R1.fastq.gz;run/ERR135/ERR13577119/Mn1b_SR_16S_R2.fastq.gz;25/04/2023;5.67129 DD;51.98699 DD;0.05 m;22 m;Soil;Tomato rhizosphere;M. brunneum and native microbial community interactions;11cm plastic pot;
SAMEA115941124;16S_Mn6b_51;ERR13577127;ERX12947030;AMPLICON;paired;Illumina MiSeq;410658;soil metagenome;Mn6b_51;run/ERR135/ERR13577127/Mn6b_SR_16S_R1.fastq.gz;run/ERR135/ERR13577127/Mn6b_SR_16S_R2.fastq.gz;25/04/2023;5.67129 DD;51.98699 DD;0.05 m;22 m;Soil;Tomato rhizosphere;M. brunneum and native microbial community interactions;11cm plastic pot;
SAMEA115941135;16S_Mock_62;ERR13577133;ERX12947036;AMPLICON;paired;Illumina MiSeq;410658;soil metagenome;Mock_62;run/ERR135/ERR13577133/MOCK_SR_16S_R1.fastq.gz;run/ERR135/ERR13577133/MOCK_SR_16S_R2.fastq.gz;25/04/2023;5.67129 DD;51.98699 DD;0.05 m;22 m;Soil;Tomato rhizosphere;M. brunneum and native microbial community interactions;11cm plastic pot;
SAMEA115941152;16S_Mp11a_79;ERR13577135;ERX12947038;AMPLICON;paired;Illumina MiSeq;410658;soil metagenome;Mp11a_79;run/ERR135/ERR13577135/Mp11a_SR_16S_R1.fastq.gz;run/ERR135/ERR13577135/Mp11a_SR_16S_R2.fastq.gz;25/04/2023;5.67129 DD;51.98699 DD;0.05 m;22 m;Soil;Tomato rhizosphere;M. brunneum and native microbial community interactions;11cm plastic pot;
SAMEA115941155;16S_Mp12b_82;ERR13577138;ERX12947041;AMPLICON;paired;Illumina MiSeq;410658;soil metagenome;Mp12b_82;run/ERR135/ERR13577138/Mp12b_SR_16S_R1.fastq.gz;run/ERR135/ERR13577138/Mp12b_SR_16S_R2.fastq.gz;25/04/2023;5.67129 DD;51.98699 DD;0.05 m;22 m;Soil;Tomato rhizosphere;M. brunneum and native microbial community interactions;11cm plastic pot;
SAMEA115941137;16S_Mp1b_64;ERR13577140;ERX12947043;AMPLICON;paired;Illumina MiSeq;410658;soil metagenome;Mp1b_64;run/ERR135/ERR13577140/Mp1b_SR_16S_R1.fastq.gz;run/ERR135/ERR13577140/Mp1b_SR_16S_R2.fastq.gz;25/04/2023;5.67129 DD;51.98699 DD;0.05 m;22 m;Soil;Tomato rhizosphere;M. brunneum and native microbial community interactions;11cm plastic pot;
SAMEA115941140;16S_Mp3b_67;ERR13577143;ERX12947046;AMPLICON;paired;Illumina MiSeq;410658;soil metagenome;Mp3b_67;run/ERR135/ERR13577143/Mp3b_SR_16S_R1.fastq.gz;run/ERR135/ERR13577143/Mp3b_SR_16S_R2.fastq.gz;25/04/2023;5.67129 DD;51.98699 DD;0.05 m;22 m;Soil;Tomato rhizosphere;M. brunneum and native microbial community interactions;11cm plastic pot;
SAMEA115941156;16S_REFnon_ssoil1_83;ERR13577154;ERX12947057;AMPLICON;paired;Illumina MiSeq;410658;soil metagenome;REFnon_ssoil1_83;run/ERR135/ERR13577154/REFnon_ssoil1_SR_16S_R1.fastq.gz;run/ERR135/ERR13577154/REFnon_ssoil1_SR_16S_R2.fastq.gz;25/04/2023;5.67129 DD;51.98699 DD;0.05 m;22 m;Soil;Tomato rhizosphere;M. brunneum and native microbial community interactions;11cm plastic pot;
SAMEA115941157;16S_REFNSsoil2_84;ERR13577155;ERX12947058;AMPLICON;paired;Illumina MiSeq;410658;soil metagenome;REFNSsoil2_84;run/ERR135/ERR13577155/REFNSsoil2_SR_16S_R1.fastq.gz;run/ERR135/ERR13577155/REFNSsoil2_SR_16S_R2.fastq.gz;25/04/2023;5.67129 DD;51.98699 DD;0.05 m;22 m;Soil;Tomato rhizosphere;M. brunneum and native microbial community interactions;11cm plastic pot;
SAMEA115941158;16S_REFNSsoil3_85;ERR13577156;ERX12947059;AMPLICON;paired;Illumina MiSeq;410658;soil metagenome;REFNSsoil3_85;run/ERR135/ERR13577156/REFNSsoil3_SR_16S_R1.fastq.gz;run/ERR135/ERR13577156/REFNSsoil3_SR_16S_R2.fastq.gz;25/04/2023;5.67129 DD;51.98699 DD;0.05 m;22 m;Soil;Tomato rhizosphere;M. brunneum and native microbial community interactions;11cm plastic pot;
SAMEA115941159;16S_REFNSsoil4_86;ERR13577157;ERX12947060;AMPLICON;paired;Illumina MiSeq;410658;soil metagenome;REFNSsoil4_86;run/ERR135/ERR13577157/REFNSsoil4_SR_16S_R1.fastq.gz;run/ERR135/ERR13577157/REFNSsoil4_SR_16S_R2.fastq.gz;25/04/2023;5.67129 DD;51.98699 DD;0.05 m;22 m;Soil;Tomato rhizosphere;M. brunneum and native microbial community interactions;11cm plastic pot;
SAMEA115940994;ITS_Bm4b_8;ERR13576992;ERX12946895;AMPLICON;paired;Illumina MiSeq;410658;soil metagenome;Bm4b;run/ERR135/ERR13576992/Bm4b_SR_ITS_R1.fastq.gz;run/ERR135/ERR13576992/Bm4b_SR_ITS_R2.fastq.gz;25/04/2023;5.67129 DD;51.98699 DD;0.05 m;22 m;Soil;Tomato rhizosphere;M. brunneum and native microbial community interactions;11cm plastic pot;
SAMEA115940997;ITS_Bm6b_11;ERR13576995;ERX12946898;AMPLICON;paired;Illumina MiSeq;410658;soil metagenome;Bm6b_11;run/ERR135/ERR13576995/Bm6b_SR_ITS_R1.fastq.gz;run/ERR135/ERR13576995/Bm6b_SR_ITS_R2.fastq.gz;25/04/2023;5.67129 DD;51.98699 DD;0.05 m;22 m;Soil;Tomato rhizosphere;M. brunneum and native microbial community interactions;11cm plastic pot;
SAMEA115941001;ITS_Bm9b_15;ERR13576999;ERX12946902;AMPLICON;paired;Illumina MiSeq;410658;soil metagenome;Bm9b_15;run/ERR135/ERR13576999/Bm9a_SR_ITS_R1.fastq.gz;run/ERR135/ERR13576999/Bm9a_SR_ITS_R2.fastq.gz;25/04/2023;5.67129 DD;51.98699 DD;0.05 m;22 m;Soil;Tomato rhizosphere;M. brunneum and native microbial community interactions;11cm plastic pot;
SAMEA115941002;ITS_Bm10b_16;ERR13577000;ERX12946903;AMPLICON;paired;Illumina MiSeq;410658;soil metagenome;Bm10b_16;run/ERR135/ERR13577000/Bm9b_SR_ITS_R1.fastq.gz;run/ERR135/ERR13577000/Bm9b_SR_ITS_R2.fastq.gz;25/04/2023;5.67129 DD;51.98699 DD;0.05 m;22 m;Soil;Tomato rhizosphere;M. brunneum and native microbial community interactions;11cm plastic pot;
SAMEA115941008;ITS_cc3_22;ERR13577006;ERX12946909;AMPLICON;paired;Illumina MiSeq;410658;soil metagenome;cc3_22;run/ERR135/ERR13577006/cc3_SR_ITS_R1.fastq.gz;run/ERR135/ERR13577006/cc3_SR_ITS_R2.fastq.gz;25/04/2023;5.67129 DD;51.98699 DD;0.05 m;22 m;Soil;Tomato rhizosphere;M. brunneum and native microbial community interactions;11cm plastic pot;
SAMEA115941009;ITS_cc4p_23;ERR13577007;ERX12946910;AMPLICON;paired;Illumina MiSeq;410658;soil metagenome;cc4p_23;run/ERR135/ERR13577007/cc4p_a_SR_ITS_R1.fastq.gz;run/ERR135/ERR13577007/cc4p_a_SR_ITS_R2.fastq.gz;25/04/2023;5.67129 DD;51.98699 DD;0.05 m;22 m;Soil;Tomato rhizosphere;M. brunneum and native microbial community interactions;11cm plastic pot;
SAMEA115941012;ITS_Mb1a_26;ERR13577010;ERX12946913;AMPLICON;paired;Illumina MiSeq;410658;soil metagenome;Mb1a_26;run/ERR135/ERR13577010/Mb1a_SR_ITS_R1.fastq.gz;run/ERR135/ERR13577010/Mb1a_SR_ITS_R2.fastq.gz;25/04/2023;5.67129 DD;51.98699 DD;0.05 m;22 m;Soil;Tomato rhizosphere;M. brunneum and native microbial community interactions;11cm plastic pot;
SAMEA115941014;ITS_Mb2a_28;ERR13577012;ERX12946915;AMPLICON;paired;Illumina MiSeq;410658;soil metagenome;Mb2a_28;run/ERR135/ERR13577012/Mb2a_SR_ITS_R1.fastq.gz;run/ERR135/ERR13577012/Mb2a_SR_ITS_R2.fastq.gz;25/04/2023;5.67129 DD;51.98699 DD;0.05 m;22 m;Soil;Tomato rhizosphere;M. brunneum and native microbial community interactions;11cm plastic pot;
SAMEA115941015;ITS_Mb2b_29;ERR13577013;ERX12946916;AMPLICON;paired;Illumina MiSeq;410658;soil metagenome;Mb2b_29;run/ERR135/ERR13577013/Mb2b_SR_ITS_R1.fastq.gz;run/ERR135/ERR13577013/Mb2b_SR_ITS_R2.fastq.gz;25/04/2023;5.67129 DD;51.98699 DD;0.05 m;22 m;Soil;Tomato rhizosphere;M. brunneum and native microbial community interactions;11cm plastic pot;
SAMEA115941016;ITS_Mb3a_30;ERR13577014;ERX12946917;AMPLICON;paired;Illumina MiSeq;410658;soil metagenome;Mb3a_30;run/ERR135/ERR13577014/Mb3a_SR_ITS_R1.fastq.gz;run/ERR135/ERR13577014/Mb3a_SR_ITS_R2.fastq.gz;25/04/2023;5.67129 DD;51.98699 DD;0.05 m;22 m;Soil;Tomato rhizosphere;M. brunneum and native microbial community interactions;11cm plastic pot;
SAMEA115941017;ITS_Mb3b_31;ERR13577015;ERX12946918;AMPLICON;paired;Illumina MiSeq;410658;soil metagenome;Mb3b_31;run/ERR135/ERR13577015/Mb3b_SR_ITS_R1.fastq.gz;run/ERR135/ERR13577015/Mb3b_SR_ITS_R2.fastq.gz;25/04/2023;5.67129 DD;51.98699 DD;0.05 m;22 m;Soil;Tomato rhizosphere;M. brunneum and native microbial community interactions;11cm plastic pot;
SAMEA115941023;ITS_Mb6b_37;ERR13577021;ERX12946924;AMPLICON;paired;Illumina MiSeq;410658;soil metagenome;Mb6b_37;run/ERR135/ERR13577021/Mb6b_SR_ITS_R1.fastq.gz;run/ERR135/ERR13577021/Mb6b_SR_ITS_R2.fastq.gz;25/04/2023;5.67129 DD;51.98699 DD;0.05 m;22 m;Soil;Tomato rhizosphere;M. brunneum and native microbial community interactions;11cm plastic pot;
SAMEA115941026;ITS_Mb8a_40;ERR13577024;ERX12946927;AMPLICON;paired;Illumina MiSeq;410658;soil metagenome;Mb8a_40;run/ERR135/ERR13577024/Mb8a_SR_ITS_R1.fastq.gz;run/ERR135/ERR13577024/Mb8a_SR_ITS_R2.fastq.gz;25/04/2023;5.67129 DD;51.98699 DD;0.05 m;22 m;Soil;Tomato rhizosphere;M. brunneum and native microbial community interactions;11cm plastic pot;
SAMEA115941029;ITS_Mn1b_43;ERR13577027;ERX12946930;AMPLICON;paired;Illumina MiSeq;410658;soil metagenome;Mn1b_43;run/ERR135/ERR13577027/Mn1b_SR_ITS_R1.fastq.gz;run/ERR135/ERR13577027/Mn1b_SR_ITS_R2.fastq.gz;25/04/2023;5.67129 DD;51.98699 DD;0.05 m;22 m;Soil;Tomato rhizosphere;M. brunneum and native microbial community interactions;11cm plastic pot;
SAMEA115941030;ITS_Mn2a_44;ERR13577028;ERX12946931;AMPLICON;paired;Illumina MiSeq;410658;soil metagenome;Mn2a_44;run/ERR135/ERR13577028/Mn2a_SR_ITS_R1.fastq.gz;run/ERR135/ERR13577028/Mn2a_SR_ITS_R2.fastq.gz;25/04/2023;5.67129 DD;51.98699 DD;0.05 m;22 m;Soil;Tomato rhizosphere;M. brunneum and native microbial community interactions;11cm plastic pot;
SAMEA115941037;ITS_Mn6b_51;ERR13577035;ERX12946938;AMPLICON;paired;Illumina MiSeq;410658;soil metagenome;Mn6b_51;run/ERR135/ERR13577035/Mn6b_SR_ITS_R1.fastq.gz;run/ERR135/ERR13577035/Mn6b_SR_ITS_R2.fastq.gz;25/04/2023;5.67129 DD;51.98699 DD;0.05 m;22 m;Soil;Tomato rhizosphere;M. brunneum and native microbial community interactions;11cm plastic pot;
SAMEA115941038;ITS_Mn7b_52;ERR13577036;ERX12946939;AMPLICON;paired;Illumina MiSeq;410658;soil metagenome;Mn7b_52;run/ERR135/ERR13577036/Mn7b_SR_ITS_R1.fastq.gz;run/ERR135/ERR13577036/Mn7b_SR_ITS_R2.fastq.gz;25/04/2023;5.67129 DD;51.98699 DD;0.05 m;22 m;Soil;Tomato rhizosphere;M. brunneum and native microbial community interactions;11cm plastic pot;
SAMEA115941040;ITS_Mn8b_54;ERR13577038;ERX12946941;AMPLICON;paired;Illumina MiSeq;410658;soil metagenome;Mn8b_54;run/ERR135/ERR13577038/Mn8b_SR_ITS_R1.fastq.gz;run/ERR135/ERR13577038/Mn8b_SR_ITS_R2.fastq.gz;25/04/2023;5.67129 DD;51.98699 DD;0.05 m;22 m;Soil;Tomato rhizosphere;M. brunneum and native microbial community interactions;11cm plastic pot;
SAMEA115941041;ITS_Mn9a_55;ERR13577039;ERX12946942;AMPLICON;paired;Illumina MiSeq;410658;soil metagenome;Mn9a_55;run/ERR135/ERR13577039/Mn9a_SR_ITS_R1.fastq.gz;run/ERR135/ERR13577039/Mn9a_SR_ITS_R2.fastq.gz;25/04/2023;5.67129 DD;51.98699 DD;0.05 m;22 m;Soil;Tomato rhizosphere;M. brunneum and native microbial community interactions;11cm plastic pot;
SAMEA115941043;ITS_Mn10b_57;ERR13577041;ERX12946944;AMPLICON;paired;Illumina MiSeq;410658;soil metagenome;Mn10b_57;run/ERR135/ERR13577041/Mn10b_SR_ITS_R1.fastq.gz;run/ERR135/ERR13577041/Mn10b_SR_ITS_R2.fastq.gz;25/04/2023;5.67129 DD;51.98699 DD;0.05 m;22 m;Soil;Tomato rhizosphere;M. brunneum and native microbial community interactions;11cm plastic pot;
SAMEA115941045;ITS_Mn11b_59;ERR13577043;ERX12946946;AMPLICON;paired;Illumina MiSeq;410658;soil metagenome;Mn11b_59;run/ERR135/ERR13577043/Mn11b_SR_ITS_R1.fastq.gz;run/ERR135/ERR13577043/Mn11b_SR_ITS_R2.fastq.gz;25/04/2023;5.67129 DD;51.98699 DD;0.05 m;22 m;Soil;Tomato rhizosphere;M. brunneum and native microbial community interactions;11cm plastic pot;
SAMEA115941052;ITS_Mp2b_66;ERR13577050;ERX12946953;AMPLICON;paired;Illumina MiSeq;410658;soil metagenome;Mp2b_66;run/ERR135/ERR13577050/Mp2b_SR_ITS_R1.fastq.gz;run/ERR135/ERR13577050/Mp2b_SR_ITS_R2.fastq.gz;25/04/2023;5.67129 DD;51.98699 DD;0.05 m;22 m;Soil;Tomato rhizosphere;M. brunneum and native microbial community interactions;11cm plastic pot;
SAMEA115941062;ITS_Mp9a_76;ERR13577060;ERX12946963;AMPLICON;paired;Illumina MiSeq;410658;soil metagenome;Mp9a_76;run/ERR135/ERR13577060/Mp9a_SR_ITS_R1.fastq.gz;run/ERR135/ERR13577060/Mp9a_SR_ITS_R2.fastq.gz;25/04/2023;5.67129 DD;51.98699 DD;0.05 m;22 m;Soil;Tomato rhizosphere;M. brunneum and native microbial community interactions;11cm plastic pot;
SAMEA115941063;ITS_Mp9b_77;ERR13577061;ERX12946964;AMPLICON;paired;Illumina MiSeq;410658;soil metagenome;Mp9b_77;run/ERR135/ERR13577061/Mp9b_SR_ITS_R1.fastq.gz;run/ERR135/ERR13577061/Mp9b_SR_ITS_R2.fastq.gz;25/04/2023;5.67129 DD;51.98699 DD;0.05 m;22 m;Soil;Tomato rhizosphere;M. brunneum and native microbial community interactions;11cm plastic pot;
SAMEA115941064;ITS_Mp10b_78;ERR13577062;ERX12946965;AMPLICON;paired;Illumina MiSeq;410658;soil metagenome;Mp10b_78;run/ERR135/ERR13577062/Mp10b_SR_ITS_R1.fastq.gz;run/ERR135/ERR13577062/Mp10b_SR_ITS_R2.fastq.gz;25/04/2023;5.67129 DD;51.98699 DD;0.05 m;22 m;Soil;Tomato rhizosphere;M. brunneum and native microbial community interactions;11cm plastic pot;
SAMEA115941066;ITS_Mp11b_80;ERR13577064;ERX12946967;AMPLICON;paired;Illumina MiSeq;410658;soil metagenome;Mp11b_80;run/ERR135/ERR13577064/Mp11b_SR_ITS_R1.fastq.gz;run/ERR135/ERR13577064/Mp11b_SR_ITS_R2.fastq.gz;25/04/2023;5.67129 DD;51.98699 DD;0.05 m;22 m;Soil;Tomato rhizosphere;M. brunneum and native microbial community interactions;11cm plastic pot;
SAMEA115941091;16S_Bm11a_18;ERR13577074;ERX12946977;AMPLICON;paired;Illumina MiSeq;410658;soil metagenome;Bm11a_18;run/ERR135/ERR13577074/Bm11a_SR_16S_R1.fastq.gz;run/ERR135/ERR13577074/Bm11a_SR_16S_R2.fastq.gz;25/04/2023;5.67129 DD;51.98699 DD;0.05 m;22 m;Soil;Tomato rhizosphere;M. brunneum and native microbial community interactions;11cm plastic pot;
SAMEA115941093;16S_Bm12a_20;ERR13577076;ERX12946979;AMPLICON;paired;Illumina MiSeq;410658;soil metagenome;Bm12a_20;run/ERR135/ERR13577076/Bm12a_SR_16S_R1.fastq.gz;run/ERR135/ERR13577076/Bm12a_SR_16S_R2.fastq.gz;25/04/2023;5.67129 DD;51.98699 DD;0.05 m;22 m;Soil;Tomato rhizosphere;M. brunneum and native microbial community interactions;11cm plastic pot;
SAMEA115941076;16S_Bm1b_3;ERR13577079;ERX12946982;AMPLICON;paired;Illumina MiSeq;410658;soil metagenome;Bm1b_3;run/ERR135/ERR13577079/Bm1b_SR_16S_R1.fastq.gz;run/ERR135/ERR13577079/Bm1b_SR_16S_R2.fastq.gz;25/04/2023;5.67129 DD;51.98699 DD;0.05 m;22 m;Soil;Tomato rhizosphere;M. brunneum and native microbial community interactions;11cm plastic pot;
SAMEA115941079;16S_Bm3b_6;ERR13577082;ERX12946985;AMPLICON;paired;Illumina MiSeq;410658;soil metagenome;Bm3b_6;run/ERR135/ERR13577082/Bm3b_SR_16S_R1.fastq.gz;run/ERR135/ERR13577082/Bm3b_SR_16S_R2.fastq.gz;25/04/2023;5.67129 DD;51.98699 DD;0.05 m;22 m;Soil;Tomato rhizosphere;M. brunneum and native microbial community interactions;11cm plastic pot;
SAMEA115941083;16S_Bm5b_10;ERR13577086;ERX12946989;AMPLICON;paired;Illumina MiSeq;410658;soil metagenome;Bm5b_10;run/ERR135/ERR13577086/Bm5b_SR_16S_R1.fastq.gz;run/ERR135/ERR13577086/Bm5b_SR_16S_R2.fastq.gz;25/04/2023;5.67129 DD;51.98699 DD;0.05 m;22 m;Soil;Tomato rhizosphere;M. brunneum and native microbial community interactions;11cm plastic pot;
SAMEA115941085;16S_Bm8a_12;ERR13577088;ERX12946991;AMPLICON;paired;Illumina MiSeq;410658;soil metagenome;Bm8a_12;run/ERR135/ERR13577088/Bm7b_SR_16S_R1.fastq.gz;run/ERR135/ERR13577088/Bm7b_SR_16S_R2.fastq.gz;25/04/2023;5.67129 DD;51.98699 DD;0.05 m;22 m;Soil;Tomato rhizosphere;M. brunneum and native microbial community interactions;11cm plastic pot;
SAMEA115941098;16S_cc17p_25;ERR13577094;ERX12946997;AMPLICON;paired;Illumina MiSeq;410658;soil metagenome;cc17p_25;run/ERR135/ERR13577094/cc17p_a_SR_16S_R1.fastq.gz;run/ERR135/ERR13577094/cc17p_a_SR_16S_R2.fastq.gz;25/04/2023;5.67129 DD;51.98699 DD;0.05 m;22 m;Soil;Tomato rhizosphere;M. brunneum and native microbial community interactions;11cm plastic pot;
SAMEA115941095;16S_cc3_22;ERR13577095;ERX12946998;AMPLICON;paired;Illumina MiSeq;410658;soil metagenome;cc3_22;run/ERR135/ERR13577095/cc3_SR_16S_R1.fastq.gz;run/ERR135/ERR13577095/cc3_SR_16S_R2.fastq.gz;25/04/2023;5.67129 DD;51.98699 DD;0.05 m;22 m;Soil;Tomato rhizosphere;M. brunneum and native microbial community interactions;11cm plastic pot;
SAMEA115941104;16S_Mb3b_31;ERR13577102;ERX12947005;AMPLICON;paired;Illumina MiSeq;410658;soil metagenome;Mb3b_31;run/ERR135/ERR13577102/Mb3b_SR_16S_R1.fastq.gz;run/ERR135/ERR13577102/Mb3b_SR_16S_R2.fastq.gz;25/04/2023;5.67129 DD;51.98699 DD;0.05 m;22 m;Soil;Tomato rhizosphere;M. brunneum and native microbial community interactions;11cm plastic pot;
SAMEA115941111;16S_Mb7a_38;ERR13577109;ERX12947012;AMPLICON;paired;Illumina MiSeq;410658;soil metagenome;Mb7a_38;run/ERR135/ERR13577109/Mb7a_SR_16S_R1.fastq.gz;run/ERR135/ERR13577109/Mb7a_SR_16S_R2.fastq.gz;25/04/2023;5.67129 DD;51.98699 DD;0.05 m;22 m;Soil;Tomato rhizosphere;M. brunneum and native microbial community interactions;11cm plastic pot;
SAMEA115941112;16S_Mb7b_39;ERR13577110;ERX12947013;AMPLICON;paired;Illumina MiSeq;410658;soil metagenome;Mb7b_39;run/ERR135/ERR13577110/Mb7b_SR_16S_R1.fastq.gz;run/ERR135/ERR13577110/Mb7b_SR_16S_R2.fastq.gz;25/04/2023;5.67129 DD;51.98699 DD;0.05 m;22 m;Soil;Tomato rhizosphere;M. brunneum and native microbial community interactions;11cm plastic pot;
SAMEA115941113;16S_Mb8a_40;ERR13577111;ERX12947014;AMPLICON;paired;Illumina MiSeq;410658;soil metagenome;Mb8a_40;run/ERR135/ERR13577111/Mb8a_SR_16S_R1.fastq.gz;run/ERR135/ERR13577111/Mb8a_SR_16S_R2.fastq.gz;25/04/2023;5.67129 DD;51.98699 DD;0.05 m;22 m;Soil;Tomato rhizosphere;M. brunneum and native microbial community interactions;11cm plastic pot;
SAMEA115941131;16S_Mn11a_58;ERR13577114;ERX12947017;AMPLICON;paired;Illumina MiSeq;410658;soil metagenome;Mn11a_58;run/ERR135/ERR13577114/Mn11a_SR_16S_R1.fastq.gz;run/ERR135/ERR13577114/Mn11a_SR_16S_R2.fastq.gz;25/04/2023;5.67129 DD;51.98699 DD;0.05 m;22 m;Soil;Tomato rhizosphere;M. brunneum and native microbial community interactions;11cm plastic pot;
SAMEA115941132;16S_Mn11b_59;ERR13577115;ERX12947018;AMPLICON;paired;Illumina MiSeq;410658;soil metagenome;Mn11b_59;run/ERR135/ERR13577115/Mn11b_SR_16S_R1.fastq.gz;run/ERR135/ERR13577115/Mn11b_SR_16S_R2.fastq.gz;25/04/2023;5.67129 DD;51.98699 DD;0.05 m;22 m;Soil;Tomato rhizosphere;M. brunneum and native microbial community interactions;11cm plastic pot;
SAMEA115941117;16S_Mn2a_44;ERR13577120;ERX12947023;AMPLICON;paired;Illumina MiSeq;410658;soil metagenome;Mn2a_44;run/ERR135/ERR13577120/Mn2a_SR_16S_R1.fastq.gz;run/ERR135/ERR13577120/Mn2a_SR_16S_R2.fastq.gz;25/04/2023;5.67129 DD;51.98699 DD;0.05 m;22 m;Soil;Tomato rhizosphere;M. brunneum and native microbial community interactions;11cm plastic pot;
SAMEA115941119;16S_Mn3b_46;ERR13577122;ERX12947025;AMPLICON;paired;Illumina MiSeq;410658;soil metagenome;Mn3b_46;run/ERR135/ERR13577122/Mn3b_SR_16S_R1.fastq.gz;run/ERR135/ERR13577122/Mn3b_SR_16S_R2.fastq.gz;25/04/2023;5.67129 DD;51.98699 DD;0.05 m;22 m;Soil;Tomato rhizosphere;M. brunneum and native microbial community interactions;11cm plastic pot;
SAMEA115941121;16S_Mn4b_48;ERR13577124;ERX12947027;AMPLICON;paired;Illumina MiSeq;410658;soil metagenome;Mn4b_48;run/ERR135/ERR13577124/Mn4b_SR_16S_R1.fastq.gz;run/ERR135/ERR13577124/Mn4b_SR_16S_R2.fastq.gz;25/04/2023;5.67129 DD;51.98699 DD;0.05 m;22 m;Soil;Tomato rhizosphere;M. brunneum and native microbial community interactions;11cm plastic pot;
SAMEA115941123;16S_Mn5b_50;ERR13577126;ERX12947029;AMPLICON;paired;Illumina MiSeq;410658;soil metagenome;Mn5b_50;run/ERR135/ERR13577126/Mn5b_SR_16S_R1.fastq.gz;run/ERR135/ERR13577126/Mn5b_SR_16S_R2.fastq.gz;25/04/2023;5.67129 DD;51.98699 DD;0.05 m;22 m;Soil;Tomato rhizosphere;M. brunneum and native microbial community interactions;11cm plastic pot;
SAMEA115941125;16S_Mn7b_52;ERR13577128;ERX12947031;AMPLICON;paired;Illumina MiSeq;410658;soil metagenome;Mn7b_52;run/ERR135/ERR13577128/Mn7b_SR_16S_R1.fastq.gz;run/ERR135/ERR13577128/Mn7b_SR_16S_R2.fastq.gz;25/04/2023;5.67129 DD;51.98699 DD;0.05 m;22 m;Soil;Tomato rhizosphere;M. brunneum and native microbial community interactions;11cm plastic pot;
SAMEA115941128;16S_Mn9a_55;ERR13577131;ERX12947034;AMPLICON;paired;Illumina MiSeq;410658;soil metagenome;Mn9a_55;run/ERR135/ERR13577131/Mn9a_SR_16S_R1.fastq.gz;run/ERR135/ERR13577131/Mn9a_SR_16S_R2.fastq.gz;25/04/2023;5.67129 DD;51.98699 DD;0.05 m;22 m;Soil;Tomato rhizosphere;M. brunneum and native microbial community interactions;11cm plastic pot;
SAMEA115941129;16S_Mn9b_56;ERR13577132;ERX12947035;AMPLICON;paired;Illumina MiSeq;410658;soil metagenome;Mn9b_56;run/ERR135/ERR13577132/Mn9b_SR_16S_R1.fastq.gz;run/ERR135/ERR13577132/Mn9b_SR_16S_R2.fastq.gz;25/04/2023;5.67129 DD;51.98699 DD;0.05 m;22 m;Soil;Tomato rhizosphere;M. brunneum and native microbial community interactions;11cm plastic pot;
SAMEA115941151;16S_Mp10b_78;ERR13577134;ERX12947037;AMPLICON;paired;Illumina MiSeq;410658;soil metagenome;Mp10b_78;run/ERR135/ERR13577134/Mp10b_SR_16S_R1.fastq.gz;run/ERR135/ERR13577134/Mp10b_SR_16S_R2.fastq.gz;25/04/2023;5.67129 DD;51.98699 DD;0.05 m;22 m;Soil;Tomato rhizosphere;M. brunneum and native microbial community interactions;11cm plastic pot;
SAMEA115941153;16S_Mp11b_80;ERR13577136;ERX12947039;AMPLICON;paired;Illumina MiSeq;410658;soil metagenome;Mp11b_80;run/ERR135/ERR13577136/Mp11b_SR_16S_R1.fastq.gz;run/ERR135/ERR13577136/Mp11b_SR_16S_R2.fastq.gz;25/04/2023;5.67129 DD;51.98699 DD;0.05 m;22 m;Soil;Tomato rhizosphere;M. brunneum and native microbial community interactions;11cm plastic pot;
SAMEA115941136;16S_Mp1a_63;ERR13577139;ERX12947042;AMPLICON;paired;Illumina MiSeq;410658;soil metagenome;Mp1a_63;run/ERR135/ERR13577139/Mp1a_SR_16S_R1.fastq.gz;run/ERR135/ERR13577139/Mp1a_SR_16S_R2.fastq.gz;25/04/2023;5.67129 DD;51.98699 DD;0.05 m;22 m;Soil;Tomato rhizosphere;M. brunneum and native microbial community interactions;11cm plastic pot;
SAMEA115941138;16S_Mp2a_65;ERR13577141;ERX12947044;AMPLICON;paired;Illumina MiSeq;410658;soil metagenome;Mp2a_65;run/ERR135/ERR13577141/Mp2a_SR_16S_R1.fastq.gz;run/ERR135/ERR13577141/Mp2a_SR_16S_R2.fastq.gz;25/04/2023;5.67129 DD;51.98699 DD;0.05 m;22 m;Soil;Tomato rhizosphere;M. brunneum and native microbial community interactions;11cm plastic pot;
SAMEA115941141;16S_Mp4a_68;ERR13577144;ERX12947047;AMPLICON;paired;Illumina MiSeq;410658;soil metagenome;Mp4a_68;run/ERR135/ERR13577144/Mp4a_SR_16S_R1.fastq.gz;run/ERR135/ERR13577144/Mp4a_SR_16S_R2.fastq.gz;25/04/2023;5.67129 DD;51.98699 DD;0.05 m;22 m;Soil;Tomato rhizosphere;M. brunneum and native microbial community interactions;11cm plastic pot;
SAMEA115941143;16S_Mp5s_70;ERR13577146;ERX12947049;AMPLICON;paired;Illumina MiSeq;410658;soil metagenome;Mp5s_70;run/ERR135/ERR13577146/Mp5a_SR_16S_R1.fastq.gz;run/ERR135/ERR13577146/Mp5a_SR_16S_R2.fastq.gz;25/04/2023;5.67129 DD;51.98699 DD;0.05 m;22 m;Soil;Tomato rhizosphere;M. brunneum and native microbial community interactions;11cm plastic pot;
SAMEA115941144;16S_Mp5b_71;ERR13577147;ERX12947050;AMPLICON;paired;Illumina MiSeq;410658;soil metagenome;Mp5b_71;run/ERR135/ERR13577147/Mp5b_SR_16S_R1.fastq.gz;run/ERR135/ERR13577147/Mp5b_SR_16S_R2.fastq.gz;25/04/2023;5.67129 DD;51.98699 DD;0.05 m;22 m;Soil;Tomato rhizosphere;M. brunneum and native microbial community interactions;11cm plastic pot;
SAMEA115941145;16S_Mp6b_72;ERR13577148;ERX12947051;AMPLICON;paired;Illumina MiSeq;410658;soil metagenome;Mp6b_72;run/ERR135/ERR13577148/Mp6b_SR_16S_R1.fastq.gz;run/ERR135/ERR13577148/Mp6b_SR_16S_R2.fastq.gz;25/04/2023;5.67129 DD;51.98699 DD;0.05 m;22 m;Soil;Tomato rhizosphere;M. brunneum and native microbial community interactions;11cm plastic pot;
SAMEA115941146;16S_Mp7b_73;ERR13577149;ERX12947052;AMPLICON;paired;Illumina MiSeq;410658;soil metagenome;Mp7b_73;run/ERR135/ERR13577149/Mp7b_SR_16S_R1.fastq.gz;run/ERR135/ERR13577149/Mp7b_SR_16S_R2.fastq.gz;25/04/2023;5.67129 DD;51.98699 DD;0.05 m;22 m;Soil;Tomato rhizosphere;M. brunneum and native microbial community interactions;11cm plastic pot;
SAMEA115941147;16S_Mp8a_74;ERR13577150;ERX12947053;AMPLICON;paired;Illumina MiSeq;410658;soil metagenome;Mp8a_74;run/ERR135/ERR13577150/Mp8a_SR_16S_R1.fastq.gz;run/ERR135/ERR13577150/Mp8a_SR_16S_R2.fastq.gz;25/04/2023;5.67129 DD;51.98699 DD;0.05 m;22 m;Soil;Tomato rhizosphere;M. brunneum and native microbial community interactions;11cm plastic pot;
SAMEA115941148;16S_Mp8b_75;ERR13577151;ERX12947054;AMPLICON;paired;Illumina MiSeq;410658;soil metagenome;Mp8b_75;run/ERR135/ERR13577151/Mp8b_SR_16S_R1.fastq.gz;run/ERR135/ERR13577151/Mp8b_SR_16S_R2.fastq.gz;25/04/2023;5.67129 DD;51.98699 DD;0.05 m;22 m;Soil;Tomato rhizosphere;M. brunneum and native microbial community interactions;11cm plastic pot;
SAMEA115941149;16S_Mp9a_76;ERR13577152;ERX12947055;AMPLICON;paired;Illumina MiSeq;410658;soil metagenome;Mp9a_76;run/ERR135/ERR13577152/Mp9a_SR_16S_R1.fastq.gz;run/ERR135/ERR13577152/Mp9a_SR_16S_R2.fastq.gz;25/04/2023;5.67129 DD;51.98699 DD;0.05 m;22 m;Soil;Tomato rhizosphere;M. brunneum and native microbial community interactions;11cm plastic pot;
